﻿<?xml version="1.0" encoding="UTF-8" ?> 
<Log>
<SubTypes>
	<SubType>
		<SubTypeCount>1</SubTypeCount>
		<SubTypeName>LOG_MANAGE(管理)</SubTypeName>
		<SubTypeData>1</SubTypeData> 
		<Description>1左移0</Description>
	</SubType>
	<SubType>
		<SubTypeCount>1</SubTypeCount>
		<SubTypeName>LOG_REGISTER(注册)</SubTypeName>
		<SubTypeData>2</SubTypeData>
		<Description>1左移1</Description>
	</SubType>
	<SubType>
		<SubTypeCount>1</SubTypeCount>
		<SubTypeName>LOG_HEARTBEATING(心跳)</SubTypeName>
		<SubTypeData>4</SubTypeData>
		<Description>1左移2</Description>
	</SubType>
	<SubType>
		<SubTypeCount>1</SubTypeCount>
		<SubTypeName>LOG_REFRESHNODELIST(更新节点列表)</SubTypeName>
		<SubTypeData>8</SubTypeData>
		<Description>1左移3</Description>
	</SubType>
	<SubType>
		<SubTypeCount>1</SubTypeCount>
		<SubTypeName>LOG_CRYABOUT (哭叫请求)</SubTypeName>
		<SubTypeData>16</SubTypeData>
		<Description>1左移4</Description>
	</SubType>
	<SubType>
		<SubTypeCount>1</SubTypeCount>
		<SubTypeName>LOG_TASKDISPATCH(任务调度)</SubTypeName>
		<SubTypeData>32</SubTypeData>
		<Description>1左移5</Description>
	</SubType>
	<SubType>
		<SubTypeCount>1</SubTypeCount>
		<SubTypeName>LOG_WORKERACTION(WORKER行为)</SubTypeName>
		<SubTypeData>64</SubTypeData>
		<Description>1左移6</Description>
	</SubType>
	<SubType>
		<SubTypeCount>1</SubTypeCount>
		<SubTypeName>LOG_RECVBLOCKDATA(接受数据块)</SubTypeName>
		<SubTypeData>128</SubTypeData>
		<Description>1左移7</Description>
	</SubType>
	<SubType>
		<SubTypeCount>1</SubTypeCount>
		<SubTypeName>LOG_CRYRESPONSE(哭叫回应)</SubTypeName>
		<SubTypeData>256</SubTypeData>
		<Description>1左移8</Description>
	</SubType>
	<SubType>
		<SubTypeCount>1</SubTypeCount>
		<SubTypeName>LOG_CONSUMERACTION(消费者行为)</SubTypeName>
		<SubTypeData>512</SubTypeData>
		<Description>1左移9</Description>
	</SubType>
	<SubType>
		<SubTypeCount>1</SubTypeCount>
		<SubTypeName>LOG_PLAYSTREAM(播放流)</SubTypeName>
		<SubTypeData>1024</SubTypeData>
		<Description>1左移10</Description>
	</SubType>
	<SubType>
		<SubTypeCount>1</SubTypeCount>
		<SubTypeName>LOG_PROGAMSERVICE(GW的节目服务)</SubTypeName>
		<SubTypeData>4096</SubTypeData>
		<Description>1左移12</Description>
	</SubType>
	<SubType>
		<SubTypeCount>1</SubTypeCount>
		<SubTypeName>LOG_REGISTERSERVICE(注册服务)</SubTypeName>
		<SubTypeData>8192</SubTypeData>
		<Description>1左移13</Description>
	</SubType>
	<SubType>
		<SubTypeCount>1</SubTypeCount>
		<SubTypeName>LOG_HEARTBEATINGSERVICE (心跳服务)</SubTypeName>
		<SubTypeData>16384</SubTypeData>
		<Description>1左移14</Description>
	</SubType>
	<SubType>
		<SubTypeCount>1</SubTypeCount>
		<SubTypeName>LOG_REFRESHNODELISTSERVICE (更新节点列表服务)</SubTypeName>
		<SubTypeData>32768</SubTypeData>
		<Description>1左移15</Description>
	</SubType>
	<SubType>
		<SubTypeCount>1</SubTypeCount>
		<SubTypeName>LOG_MAINTAINRESOURCELISTSERVICE (维护资源表服务)</SubTypeName>
		<SubTypeData>65536</SubTypeData>
		<Description>1左移16</Description>
	</SubType>
	<SubType>
		<SubTypeCount>1</SubTypeCount>
		<SubTypeName>LOG_PLAYSTREAM_SUBPROC (播放流子进程)</SubTypeName>
		<SubTypeData>262144</SubTypeData>
		<Description>1左移18</Description>
	</SubType>
	<SubType>
		<SubTypeCount>1</SubTypeCount>
		<SubTypeName>LOG_TNAT (穿越防火墙)</SubTypeName>
		<SubTypeData>524288</SubTypeData>
		<Description>1左移19</Description>
	</SubType>
	<SubType>
		<SubTypeCount>1</SubTypeCount>
		<SubTypeName>LOG_SRDP (数据通信层)</SubTypeName>
		<SubTypeData>1048576</SubTypeData>
		<Description>1左移20</Description>
	</SubType>
	<SubType>
		<SubTypeCount>1</SubTypeCount>
		<SubTypeName>LOG_DIRECTSERVICE(定向服务)</SubTypeName>
		<SubTypeData>2097152</SubTypeData>
		<Description>1左移21</Description>
	</SubType>
	<SubType>
		<SubTypeCount>1</SubTypeCount>
		<SubTypeName>LOG_GARBAGE (垃圾站回收)</SubTypeName>
		<SubTypeData>4194304</SubTypeData>
		<Description>1左移22</Description>
	</SubType>
	<SubType>
		<SubTypeCount>1</SubTypeCount>
		<SubTypeName>LOG_CHANNELAGENT(频道代理)</SubTypeName>
		<SubTypeData>8388608</SubTypeData>
		<Description>1左移23</Description>
	</SubType>
	<SubType>
		<SubTypeCount>1</SubTypeCount>
		<SubTypeName>LOG_GENERICENODESERVICE(普通节点服务)</SubTypeName>
		<SubTypeData>16777216</SubTypeData>
		<Description>1左移24</Description>
	</SubType>
	<SubType>
		<SubTypeCount>1</SubTypeCount>
		<SubTypeName>LOG_VODDISKRELATIVE(点播磁盘IO相关信息)</SubTypeName>
		<SubTypeData>33554432</SubTypeData>
		<Description>1左移25</Description>
	</SubType>
	<SubType>
		<SubTypeCount>1</SubTypeCount>
		<SubTypeName>LOG_VODWORKERACTION(点播worker行为)</SubTypeName>
		<SubTypeData>67108864</SubTypeData>
		<Description>1左移26</Description>
	</SubType>
	<SubType>
		<SubTypeCount>1</SubTypeCount>
		<SubTypeName>LOG_VODMANAGER(点播管理)</SubTypeName>
		<SubTypeData>134217728</SubTypeData>
		<Description>1左移27</Description>
	</SubType>
	<SubType>
		<SubTypeCount>1</SubTypeCount>
		<SubTypeName>LOG_VODCRYABOUT(点播哭叫请求和接收)</SubTypeName>
		<SubTypeData>268435456</SubTypeData>
		<Description>1左移28</Description>
	</SubType>
	<SubType>
		<SubTypeCount>1</SubTypeCount>
		<SubTypeName>LOG_VODCRYRESPONSE(点播哭叫回应)</SubTypeName>
		<SubTypeData>536870912</SubTypeData>
		<Description>1左移29</Description>
	</SubType>
	<SubType>
		<SubTypeCount>1</SubTypeCount>
		<SubTypeName>LOG_VODRLSABOUT(点播与资源定位服务器相关操作)</SubTypeName>
		<SubTypeData>1073741824</SubTypeData>
		<Description>1左移30</Description>
	</SubType>
	<SubType>
		<SubTypeCount>1</SubTypeCount>
		<SubTypeName>LOG_VODCONSUMERACTION(点播消费者行为)</SubTypeName>
		<SubTypeData>2147483648</SubTypeData>
		<Description>1左移31</Description>
	</SubType>
	<SubType>
		<SubTypeCount>1</SubTypeCount>
		<SubTypeName>LOG_VODCRISISABOUT(点播危机检测行为)</SubTypeName>
		<SubTypeData>2048</SubTypeData>
		<Description>1左移11</Description>
	</SubType>
	<SubType>
		<SubTypeCount>1</SubTypeCount>
		<SubTypeName>LOG_VODOVERLOADCHECK(点播过载检查)</SubTypeName>
		<SubTypeData>131072</SubTypeData>
		<Description>1左移17</Description>
	</SubType>
	<SubType>
		<SubTypeCount>1</SubTypeCount>
		<SubTypeName>带宽管理模块</SubTypeName>
		<SubTypeData>4294967296</SubTypeData>
		<Description>1左移32</Description>
	</SubType>
	<SubType>
		<SubTypeCount>1</SubTypeCount>
		<SubTypeName>FLASHPLAYER</SubTypeName>
		<SubTypeData>8589934592</SubTypeData>
		<Description>1左移33</Description>
	</SubType>
	<SubType>
		<SubTypeCount>1</SubTypeCount>
		<SubTypeName>超级节点数据分发</SubTypeName>
		<SubTypeData>17179869184</SubTypeData>
		<Description>1左移34</Description>
	</SubType>
		<SubType>
		<SubTypeCount>1</SubTypeCount>
		<SubTypeName>负载均衡</SubTypeName>
		<SubTypeData>34359738368</SubTypeData>
		<Description>1左移35</Description>
	</SubType>
		<SubType>
		<SubTypeCount>1</SubTypeCount>
		<SubTypeName>GMFMS</SubTypeName>
		<SubTypeData>68719476736</SubTypeData>
		<Description>1左移36</Description>
	</SubType>
		<SubType>
		<SubTypeCount>1</SubTypeCount>
		<SubTypeName>P2PPlugin</SubTypeName>
		<SubTypeData>137438953472</SubTypeData>
		<Description>1左移37</Description>
	</SubType>
		<SubType>
		<SubTypeCount>1</SubTypeCount>
		<SubTypeName>网段管理</SubTypeName>
		<SubTypeData>274877906944</SubTypeData>
		<Description>1左移38</Description>
	</SubType>
	<SubType>
		<SubTypeCount>1</SubTypeCount>
		<SubTypeName>VOD_SUPERNODE</SubTypeName>
		<SubTypeData>549755813888</SubTypeData>
		<Description>1左移39</Description>
	</SubType>
	<SubType>
		<SubTypeCount>1</SubTypeCount>
		<SubTypeName>探测模块</SubTypeName>
		<SubTypeData>1099511627776</SubTypeData>
		<Description>1左移40</Description>
	</SubType>
	<SubType>
		<SubTypeCount>1</SubTypeCount>
		<SubTypeName>层叠网引导服务器</SubTypeName>
		<SubTypeData>2199023255552</SubTypeData>
		<Description>1左移41</Description>
	</SubType>
	<SubType>
		<SubTypeCount>1</SubTypeCount>
		<SubTypeName>DiscoveryNode</SubTypeName>
		<SubTypeData>4398046511104</SubTypeData>
		<Description>1左移42</Description>
	</SubType>
	<SubType>
		<SubTypeCount>1</SubTypeCount>
		<SubTypeName>GeneralNode</SubTypeName>
		<SubTypeData>8796093022208</SubTypeData>
		<Description>1左移43</Description>
	</SubType>
	<SubType>
		<SubTypeCount>1</SubTypeCount>
		<SubTypeName>直播DN代理</SubTypeName>
		<SubTypeData>17592186044416</SubTypeData>
		<Description>1左移44</Description>
	</SubType>
	<SubType>
		<SubTypeCount>1</SubTypeCount>
		<SubTypeName>点播DN代理</SubTypeName>
		<SubTypeData>35184372088832</SubTypeData>
		<Description>1左移45</Description>
	</SubType>
	<SubType>
		<SubTypeCount>1</SubTypeCount>
		<SubTypeName>点播客户端与GN交互</SubTypeName>
		<SubTypeData>70368744177664</SubTypeData>
		<Description>1左移46</Description>
	</SubType>
	<SubType>
		<SubTypeCount>1</SubTypeCount>
		<SubTypeName>异步模型</SubTypeName>
		<SubTypeData>140737488355328</SubTypeData>
		<Description>1左移47</Description>
	</SubType>
	<SubType>
		<SubTypeCount>1</SubTypeCount>
		<SubTypeName>KAD</SubTypeName>
		<SubTypeData>281474976710656</SubTypeData>
		<Description>1左移48</Description>
	</SubType>
	<SubType>
		<SubTypeCount>1</SubTypeCount>
		<SubTypeName>RTSPServer服务器</SubTypeName>
		<SubTypeData>562949953421312</SubTypeData>
		<Description>1左移49</Description>
	</SubType>
	<SubType>
		<SubTypeCount>1</SubTypeCount>
		<SubTypeName>LOG_VODCOMMUNICATEGN(点播GN交互)</SubTypeName>
		<SubTypeData>1125899906842624</SubTypeData>
		<Description>1左移50</Description>
	</SubType>
	<SubType>
		<SubTypeCount>1</SubTypeCount>
		<SubTypeName>层叠网内容代理节点</SubTypeName>
		<SubTypeData>2251799813685248</SubTypeData>
		<Description>1左移51</Description>
	</SubType>
	<SubType>
		<SubTypeCount>1</SubTypeCount>
		<SubTypeName>存储访问</SubTypeName>
		<SubTypeData>4503599627370496</SubTypeData>
		<Description>1左移52</Description>
	</SubType>
	<SubType>
		<SubTypeCount>1</SubTypeCount>
		<SubTypeName>WMFOut</SubTypeName>
		<SubTypeData>9007199254740992</SubTypeData>
		<Description>1左移53</Description>
	</SubType>
	<SubType>
		<SubTypeCount>1</SubTypeCount>
		<SubTypeName>LiveChannelAccessor</SubTypeName>
		<SubTypeData>18014398509481984</SubTypeData>
		<Description>1左移54</Description>
	</SubType>
	<SubType>
		<SubTypeCount>1</SubTypeCount>
		<SubTypeName>云转码管理</SubTypeName>
		<SubTypeData>36028797018963968</SubTypeData>
		<Description>1左移55</Description>
	</SubType>
	<SubType>
		<SubTypeCount>1</SubTypeCount>
		<SubTypeName>云转码节点</SubTypeName>
		<SubTypeData>72057594037927936</SubTypeData>
		<Description>1左移56</Description>
	</SubType>
	<SubType>
		<SubTypeCount>1</SubTypeCount>
		<SubTypeName>云转码编码</SubTypeName>
		<SubTypeData>144115188075855872</SubTypeData>
		<Description>1左移57</Description>
	</SubType>
</SubTypes>
<Components>
	<component>
		<desc>file</desc>
		<pathname>Filelog.dll</pathname>
		<enable>1</enable>
	</component>
	<component>
		<desc>console</desc>
		<pathname>hyConsole.dll</pathname>
		<enable>1</enable>
	</component>
	<component>
		<desc>net</desc>
		<pathname>log2network.dll</pathname>
		<enable>0</enable>
	</component>
</Components>
<Filter>
	<LogSubType>
		<SubTypeCount1>1</SubTypeCount1>
		<MsgLogSubType1>252201579132747776</MsgLogSubType1>
		<ErrorLogSubType1>-1</ErrorLogSubType1>
		<DebugLogSubType1>252201579132747776</DebugLogSubType1>
		<WarningLogSubType1>252201579132747776</WarningLogSubType1>
	
		<SubTypeCount2>2</SubTypeCount2>
		<MsgLogSubType2>0</MsgLogSubType2>
		<ErrorLogSubType2>-1</ErrorLogSubType2>
		<DebugLogSubType2>0</DebugLogSubType2>
		<WarningLogSubType2>0</WarningLogSubType2>
	
		<SubTypeCount3>3</SubTypeCount3>
		<MsgLogSubType3>0</MsgLogSubType3>
		<ErrorLogSubType3>-1</ErrorLogSubType3>
		<DebugLogSubType3>0</DebugLogSubType3>
		<WarningLogSubType3>0</WarningLogSubType3>
	
		<SubTypeCount4>4</SubTypeCount4>
		<MsgLogSubType4>0</MsgLogSubType4>
		<ErrorLogSubType4>-1</ErrorLogSubType4>
		<DebugLogSubType4>0</DebugLogSubType4>
		<WarningLogSubType4>0</WarningLogSubType4>
	</LogSubType>
</Filter>

<LocalAddr>
	<LocalIp>127.0.0.1</LocalIp>
	<LocalPort>63333</LocalPort>
</LocalAddr>
<LogWriterConfig>
	<SaveLogToFile>true</SaveLogToFile>
</LogWriterConfig>
<LogFileInfo>
        <LogNumber>200000</LogNumber>
	<LogMaxCache>10</LogMaxCache>
</LogFileInfo>
</Log>								
