<Profile xmlns:xsi="http://www.w3.org/2001/XMLSchema-instance">
	<Version>0</Version>
	<Name>Pc512K</Name>
	<FileFormat>
		<FileType>2</FileType>
		<FileSpecDataLen>0</FileSpecDataLen>
		<FileSpecData></FileSpecData>
	</FileFormat>
	<VideoFormat>
		<VWidth>720</VWidth>
		<VHeight>576</VHeight>
		<VAspX>0</VAspX>
		<VAspY>0</VAspY>
		<VFpsnum>0</VFpsnum>
		<VFpsden>0</VFpsden>
		<VBitrate>524288</VBitrate>
		<VScantype>0</VScantype>
		<VPixelFormat>0</VPixelFormat>
		<VRCManner>0</VRCManner>
		<VGopInterval>0</VGopInterval>
		<VCodecType>28</VCodecType>
		<VCodecSpecDataLen>0</VCodecSpecDataLen>
		<VCodecSpecData></VCodecSpecData>
		<VProcessType>0</VProcessType>
	</VideoFormat>
	<AudioFormat>
		<AChannels>0</AChannels>
		<ASamplesPerSec>0</ASamplesPerSec>
		<ASampleBits>0</ASampleBits>
		<ABitrate>65536</ABitrate>
		<ACodecType>3</ACodecType>
		<ACodecSpecDataLen>0</ACodecSpecDataLen>
		<ACodecSpecData></ACodecSpecData>
		<AProcessType>0</AProcessType>
	</AudioFormat>
</Profile>
